<?xml version="1.0"?>
<!--<!DOCTYPE metadata SYSTEM "http://www.esri.com/metadata/esriprof80.dtd">-->
<metadata xml:lang="en"><Esri><MetaID>{CAA33B9F-21EC-4241-8D0D-EE25E0260CF3}</MetaID><CreaDate>20051107</CreaDate><CreaTime>20340900</CreaTime><SyncOnce>TRUE</SyncOnce><DataProperties><lineage><Process ToolSource="C:\Program Files\ArcGIS\ArcToolbox\Toolboxes\Data Management Tools.tbx\CopyRaster" Date="20051107" Time="203411">CopyRaster "M:\Medland Project\Jordan\ziqlab_10m_data\ziq_10m_dem" N:\Jordan\wadi_ziqlab\geo_tiffs\ziq_10m_dem.tif # # # NONE NONE #</Process></lineage></DataProperties></Esri></metadata>
