<?xml version="1.0"?>
<!--<!DOCTYPE metadata SYSTEM "http://www.esri.com/metadata/esriprof80.dtd">-->
<metadata xml:lang="en"><Esri><MetaID>{B0700F17-3F6B-4FCA-AF9A-0A71F76E0A18}</MetaID><CreaDate>20051107</CreaDate><CreaTime>20372800</CreaTime><SyncOnce>TRUE</SyncOnce><DataProperties><lineage><Process ToolSource="C:\Program Files\ArcGIS\ArcToolbox\Toolboxes\Data Management Tools.tbx\CopyRaster" Date="20051107" Time="203730">CopyRaster "M:\Medland Project\Jordan\ziqlab_10m_data\ziq_watershed" N:\Jordan\wadi_ziqlab\geo_tiffs\ziq_watershed.tif # # # NONE NONE #</Process></lineage></DataProperties></Esri></metadata>
