<?xml version="1.0"?>
<!--<!DOCTYPE metadata SYSTEM "http://www.esri.com/metadata/esriprof80.dtd">-->
<metadata xml:lang="en"><Esri><MetaID>{96B5C64B-B064-465C-9D68-9AC775F1F7F6}</MetaID><CreaDate>20051107</CreaDate><CreaTime>20355600</CreaTime><SyncOnce>TRUE</SyncOnce><DataProperties><lineage><Process ToolSource="C:\Program Files\ArcGIS\ArcToolbox\Toolboxes\Data Management Tools.tbx\CopyRaster" Date="20051107" Time="203558">CopyRaster "M:\Medland Project\Jordan\ziqlab_10m_data\ziq_is_factor" N:\Jordan\wadi_ziqlab\geo_tiffs\ziq_is_factor.tif # # # NONE NONE #</Process></lineage></DataProperties></Esri></metadata>
