<?xml version="1.0"?>
<!--<!DOCTYPE metadata SYSTEM "http://www.esri.com/metadata/esriprof80.dtd">-->
<metadata xml:lang="en"><Esri><MetaID>{7654A9D4-5C50-4D1B-AA93-485AA956E2C4}</MetaID><CreaDate>20051107</CreaDate><CreaTime>20352500</CreaTime><SyncOnce>TRUE</SyncOnce><DataProperties><lineage><Process ToolSource="C:\Program Files\ArcGIS\ArcToolbox\Toolboxes\Data Management Tools.tbx\CopyRaster" Date="20051107" Time="203527">CopyRaster "M:\Medland Project\Jordan\ziqlab_10m_data\ziq_hillshade" N:\Jordan\wadi_ziqlab\geo_tiffs\ziq_hillshade.tif # # # NONE NONE #</Process></lineage></DataProperties></Esri></metadata>
