<?xml version="1.0"?>
<!--<!DOCTYPE metadata SYSTEM "http://www.esri.com/metadata/esriprof80.dtd">-->
<metadata xml:lang="en"><Esri><MetaID>{4625FA4D-0C3D-4737-BDED-4B4D68F83900}</MetaID><CreaDate>20051107</CreaDate><CreaTime>20365500</CreaTime><SyncOnce>TRUE</SyncOnce><DataProperties><lineage><Process ToolSource="C:\Program Files\ArcGIS\ArcToolbox\Toolboxes\Data Management Tools.tbx\CopyRaster" Date="20051107" Time="203656">CopyRaster "M:\Medland Project\Jordan\ziqlab_10m_data\ziq_water_msk" N:\Jordan\wadi_ziqlab\geo_tiffs\ziq_water_msk.tif # # # NONE NONE #</Process></lineage></DataProperties></Esri></metadata>
