<?xml version="1.0"?>
<!--<!DOCTYPE metadata SYSTEM "http://www.esri.com/metadata/esriprof80.dtd">-->
<metadata xml:lang="en"><Esri><MetaID>{CFEBFCC2-E14F-4489-B052-9C0CBEE17C96}</MetaID><CreaDate>20051107</CreaDate><CreaTime>20363400</CreaTime><SyncOnce>TRUE</SyncOnce><DataProperties><lineage><Process ToolSource="C:\Program Files\ArcGIS\ArcToolbox\Toolboxes\Data Management Tools.tbx\CopyRaster" Date="20051107" Time="203638">CopyRaster "M:\Medland Project\Jordan\ziqlab_10m_data\ziq_slope" N:\Jordan\wadi_ziqlab\geo_tiffs\ziq_slope.tif # # # NONE NONE #</Process></lineage></DataProperties></Esri></metadata>
