<?xml version="1.0"?>
<!--<!DOCTYPE metadata SYSTEM "http://www.esri.com/metadata/esriprof80.dtd">-->
<metadata xml:lang="en"><Esri><MetaID>{2B6D6ADB-9F7D-4E06-A6EA-6173DF9BC237}</MetaID><CreaDate>20051107</CreaDate><CreaTime>20342500</CreaTime><SyncOnce>TRUE</SyncOnce><DataProperties><lineage><Process ToolSource="C:\Program Files\ArcGIS\ArcToolbox\Toolboxes\Data Management Tools.tbx\CopyRaster" Date="20051107" Time="203426">CopyRaster "M:\Medland Project\Jordan\ziqlab_10m_data\ziq_basins" N:\Jordan\wadi_ziqlab\geo_tiffs\ziq_basins.tif # # # NONE NONE #</Process></lineage></DataProperties></Esri></metadata>
