<?xml version="1.0"?>
<!--<!DOCTYPE metadata SYSTEM "http://www.esri.com/metadata/esriprof80.dtd">-->
<metadata xml:lang="en"><Esri><MetaID>{79955220-B443-4C1F-BE6F-C71D51C8A489}</MetaID><CreaDate>20051107</CreaDate><CreaTime>20345600</CreaTime><SyncOnce>TRUE</SyncOnce><DataProperties><lineage><Process ToolSource="C:\Program Files\ArcGIS\ArcToolbox\Toolboxes\Data Management Tools.tbx\CopyRaster" Date="20051107" Time="203458">CopyRaster "M:\Medland Project\Jordan\ziqlab_10m_data\ziq_geology" N:\Jordan\wadi_ziqlab\geo_tiffs\ziq_geology.tif # # # NONE NONE #</Process></lineage></DataProperties></Esri></metadata>
